Date,BTC-USD,DOGE-USD,XRP-USD,DASH-USD,ETH-USD
2020-09-20,10938.271484375,0.0027779999654740095,0.24674299359321594,70.77013397216797,371.0528259277344
2020-09-21,10462.259765625,0.002630000002682209,0.232137992978096,67.06053161621094,341.78607177734375
2020-09-22,10538.4599609375,0.002655999967828393,0.23341700434684753,68.17486572265625,344.503173828125
2020-09-23,10225.8642578125,0.002563999965786934,0.22165699303150177,65.06328582763672,320.5855407714844
2020-09-24,10745.548828125,0.002644000109285116,0.23301799595355988,67.8101806640625,349.3566589355469
2020-09-25,10702.2900390625,0.002706000115722418,0.24180500209331512,68.5501708984375,352.161865234375
2020-09-26,10754.4375,0.002707999898120761,0.24236899614334106,69.184326171875,354.96527099609375
2020-09-27,10774.4267578125,0.002701000077649951,0.2432519942522049,68.74909973144531,357.3216857910156
2020-09-28,10721.3271484375,0.0026579999830573797,0.24205100536346436,67.52095031738281,354.95050048828125
2020-09-29,10848.830078125,0.0026809999253600836,0.24313899874687195,68.65917205810547,359.9634094238281
2020-09-30,10787.6181640625,0.0026420000940561295,0.2423110008239746,69.10884094238281,360.0223693847656
2020-10-01,10623.330078125,0.0026149998884648085,0.23836100101470947,68.12047576904297,353.2312927246094
2020-10-02,10585.1640625,0.0025839998852461576,0.23420199751853943,66.09523010253906,346.53265380859375
2020-10-03,10565.4931640625,0.0026050000451505184,0.2335049957036972,65.91384887695312,347.32159423828125
2020-10-04,10684.4287109375,0.0026459998916834593,0.2485020011663437,66.57180786132812,353.1219177246094
2020-10-05,10804.0009765625,0.002626999979838729,0.25089600682258606,67.12074279785156,354.277099609375
2020-10-06,10621.6640625,0.0026100000832229853,0.2458599954843521,65.49224090576172,341.0211486816406
2020-10-07,10679.13671875,0.0026000000070780516,0.24904100596904755,65.99313354492188,342.1197814941406
2020-10-08,10923.6279296875,0.0026030000299215317,0.2516149878501892,66.41931915283203,351.4556579589844
2020-10-10,11296.361328125,0.0026549999602138996,0.25429001450538635,67.92839813232422,370.96759033203125
2020-10-11,11384.181640625,0.0026740001048892736,0.25571900606155396,71.83441162109375,375.1420593261719
2020-10-14,11429.5068359375,0.0026370000559836626,0.2494480013847351,70.0667495727539,379.4840393066406
2020-10-15,11495.349609375,0.002592999953776598,0.24593999981880188,69.3594741821289,377.44183349609375
2020-10-16,11322.123046875,0.002612000098451972,0.24044300615787506,66.16106414794922,366.22900390625
2020-10-17,11358.1015625,0.002581000095233321,0.24093100428581238,67.1962890625,368.8559265136719
2020-10-18,11483.359375,0.0025859999004751444,0.24222500622272491,67.17024993896484,378.21368408203125
2020-10-19,11742.037109375,0.002589999930933118,0.24596400558948517,74.75453186035156,379.93560791015625
2020-10-20,11916.3349609375,0.002601000014692545,0.24357299506664276,71.03839874267578,369.13690185546875
2020-10-21,12823.689453125,0.002630000002682209,0.2516149878501892,74.97782135009766,392.1899719238281
2020-10-22,12965.8916015625,0.0026549999602138996,0.25680699944496155,74.71100616455078,413.7729797363281
2020-10-23,12931.5390625,0.0026469998992979527,0.2548789978027344,72.1798095703125,409.7666931152344
2020-10-24,13108.0625,0.0026459998916834593,0.2564310133457184,73.39153289794922,412.4576110839844
2020-10-25,13031.173828125,0.002652999944984913,0.25321298837661743,71.20867156982422,406.2177734375
2020-10-26,13075.248046875,0.002678999910131097,0.2486879974603653,69.3659896850586,393.8883056640625
2020-10-27,13654.21875,0.00267699989490211,0.2528989911079407,70.75090026855469,403.9970397949219
2020-10-28,13271.28515625,0.0025949999690055847,0.24586500227451324,68.22850036621094,388.6507568359375
2020-10-29,13437.8828125,0.002581000095233321,0.24229499697685242,66.9813003540039,386.7301025390625
2020-10-30,13546.5224609375,0.002597999991849065,0.23918400704860687,69.65248107910156,382.8199768066406
2020-10-31,13780.9951171875,0.0025760000571608543,0.23974399268627167,70.16812896728516,386.59033203125
2020-11-01,13737.109375,0.0025820001028478146,0.23979699611663818,68.5901107788086,396.3581848144531
2020-11-02,13550.4892578125,0.002517000073567033,0.23542100191116333,65.12427520751953,383.15673828125
2020-11-03,13950.30078125,0.0025279999244958162,0.23950999975204468,64.27840423583984,387.6021728515625
2020-11-04,14133.70703125,0.002532999962568283,0.2377929985523224,64.59031677246094,402.1419982910156
2020-11-05,15579.8486328125,0.002616999903693795,0.2457759976387024,67.82825469970703,414.0673522949219
2020-11-06,15565.880859375,0.0027600000612437725,0.25844499468803406,69.95045471191406,454.71929931640625
2020-11-07,14833.75390625,0.0026710000820457935,0.24958199262619019,66.69549560546875,435.713134765625
2020-11-08,15479.5673828125,0.002710999920964241,0.2539390027523041,68.03408813476562,453.5547790527344
2020-11-09,15332.3154296875,0.0026700000744313,0.25074800848960876,68.06021881103516,444.1630554199219
2020-11-10,15290.90234375,0.002753000007942319,0.25391098856925964,68.89407348632812,449.67962646484375
2020-11-11,15701.33984375,0.002768999896943569,0.2562589943408966,69.42821502685547,462.9605407714844
2020-11-12,16276.34375,0.002778999973088503,0.25490298867225647,78.02249145507812,461.0052795410156
2020-11-13,16317.80859375,0.0028210000600665808,0.265190988779068,77.5747299194336,474.6264343261719
2020-11-14,16068.138671875,0.0027729999274015427,0.268341988325119,77.31242370605469,460.14984130859375
2020-11-15,15955.587890625,0.0027749999426305294,0.2696419954299927,75.12223815917969,447.55908203125
2020-11-16,16716.111328125,0.0028860000893473625,0.2855199873447418,80.61698913574219,459.9403076171875
2020-11-17,17645.40625,0.0029360000044107437,0.30240800976753235,83.07083892822266,480.3600769042969
2020-11-18,17804.005859375,0.0029090000316500664,0.29422199726104736,80.00108337402344,479.48406982421875
2020-11-19,17817.08984375,0.002911000046879053,0.30376601219177246,82.10029602050781,471.63043212890625
2020-11-20,18621.314453125,0.002983999904245138,0.32806798815727234,83.20710754394531,509.74456787109375
2020-11-21,18642.232421875,0.0035069999285042286,0.4583440124988556,93.8839111328125,549.4866333007812
2020-11-22,18370.001953125,0.0033289999701082706,0.44369998574256897,90.28302764892578,558.068115234375
2020-11-23,18364.12109375,0.003648000070825219,0.6139799952507019,94.11521911621094,608.4540405273438
2020-11-24,19107.46484375,0.0042039998807013035,0.6921030282974243,114.03359985351562,603.8977661132812
2020-11-25,18732.12109375,0.0037269999738782644,0.6354830265045166,102.38101196289062,570.6866455078125
2020-11-26,17150.623046875,0.0032500000670552254,0.5330190062522888,91.58153533935547,518.8011474609375
2020-11-27,17108.40234375,0.003275000024586916,0.5592679977416992,92.19440460205078,517.4937133789062
2020-11-28,17717.4140625,0.0034050000831484795,0.6256219744682312,109.49893951416016,538.2297973632812
2020-11-29,18177.484375,0.003447999944910407,0.6062459945678711,108.27610778808594,575.758056640625
2020-11-30,19625.8359375,0.0035510000307112932,0.6643369793891907,112.91609954833984,614.842529296875
2020-12-01,18802.998046875,0.003335000015795231,0.6129230260848999,104.27486419677734,587.3241577148438
2020-12-02,19201.091796875,0.0033740000799298286,0.6298930048942566,105.3705825805664,598.3523559570312
2020-12-03,19445.3984375,0.0034280000254511833,0.6314830183982849,107.59292602539062,616.708740234375
2020-12-04,18699.765625,0.00329799996688962,0.5572620034217834,99.39623260498047,569.3541870117188
2020-12-05,19154.23046875,0.0033970000222325325,0.5844209790229797,102.99451446533203,596.595458984375
2020-12-06,19345.12109375,0.003387999953702092,0.6198509931564331,102.18927001953125,601.9089965820312
2020-12-07,19191.630859375,0.0033420000690966845,0.6089339852333069,101.71752166748047,591.8433837890625
2020-12-08,18321.14453125,0.0031789999920874834,0.5588359832763672,94.94715881347656,554.8277587890625
2020-12-09,18553.916015625,0.0031580000650137663,0.5835899710655212,95.53031921386719,573.4791259765625
2020-12-10,18264.9921875,0.0031049998942762613,0.572953999042511,93.1049575805664,559.6785278320312
2020-12-11,18058.904296875,0.0030789999291300774,0.5464829802513123,93.34613800048828,545.79736328125
2020-12-12,18803.65625,0.003163000103086233,0.506401002407074,94.73249053955078,568.5673217773438
2020-12-13,19142.3828125,0.0032560001127421856,0.51146399974823,97.43838500976562,589.6632080078125
2020-12-14,19246.64453125,0.0032309999223798513,0.49771198630332947,96.64875030517578,586.0111694335938
2020-12-15,19417.076171875,0.0032059999648481607,0.46970999240875244,96.92723083496094,589.3555908203125
2020-12-16,21310.59765625,0.003415999934077263,0.5686280131340027,104.78852081298828,636.1818237304688
2020-12-17,22805.162109375,0.0037299999967217445,0.5766770243644714,108.36001586914062,642.8689575195312
2020-12-18,23137.9609375,0.0038580000400543213,0.5842800140380859,108.03687286376953,654.8119506835938
2020-12-19,23869.83203125,0.003926999866962433,0.5791630148887634,108.45140838623047,659.2979125976562
2020-12-20,23477.294921875,0.004625000059604645,0.5560579895973206,109.49469757080078,638.2908325195312
2020-12-21,22803.08203125,0.004786999896168709,0.5169439911842346,104.36731719970703,609.81787109375
2020-12-22,23783.029296875,0.0045079998672008514,0.4484480023384094,105.55389404296875,634.8541870117188
2020-12-23,23241.345703125,0.003768000053241849,0.25860199332237244,91.11663055419922,583.714599609375
2020-12-24,23735.94921875,0.004569999873638153,0.33781901001930237,98.34268188476562,611.607177734375
2020-12-25,24664.791015625,0.0045819999650120735,0.3180910050868988,103.24015045166016,626.4107055664062
2020-12-26,26437.037109375,0.004494000226259232,0.29471299052238464,107.67296600341797,635.8358154296875
2020-12-27,26272.294921875,0.004548000171780586,0.28303900361061096,107.362548828125,682.642333984375
2020-12-28,27084.80859375,0.004592000041157007,0.2479580044746399,107.27000427246094,730.3973388671875
2020-12-29,27362.4375,0.004486000165343285,0.22096200287342072,104.04058837890625,731.5201416015625
2020-12-30,28840.953125,0.004635999910533428,0.21182799339294434,101.68364715576172,751.6189575195312
2020-12-31,29001.720703125,0.004681999795138836,0.2198459953069687,99.60536193847656,737.8034057617188
2021-01-01,29374.15234375,0.005685000214725733,0.23744399845600128,88.24170684814453,730.3675537109375
2021-01-02,32127.267578125,0.010614999569952488,0.2216549962759018,86.96977233886719,774.5349731445312
2021-01-03,32782.0234375,0.009770999662578106,0.2258480042219162,89.06913757324219,975.5076904296875
2021-01-04,31971.9140625,0.009766999632120132,0.23667700588703156,88.79717254638672,1040.2330322265625
2021-01-05,33992.4296875,0.009920000098645687,0.22675000131130219,89.10277557373047,1100.006103515625
2021-01-06,36824.36328125,0.010464999824762344,0.2508949935436249,94.29486083984375,1207.1121826171875
2021-01-07,39371.04296875,0.00974200014024973,0.32600200176239014,99.25945281982422,1225.6781005859375
2021-01-08,40797.609375,0.009846000000834465,0.32322999835014343,96.63829040527344,1224.1971435546875
2021-01-09,40254.546875,0.010193999856710434,0.32691600918769836,110.03205108642578,1281.0772705078125
2021-01-10,38356.44140625,0.009859999641776085,0.31833600997924805,148.38363647460938,1262.2467041015625
2021-01-11,35566.65625,0.008834999985992908,0.28890499472618103,124.72435760498047,1090.1453857421875
2021-01-12,33922.9609375,0.008062999695539474,0.2921229898929596,127.91223907470703,1043.4345703125
2021-01-13,37316.359375,0.008616000413894653,0.3055799901485443,133.20989990234375,1130.7393798828125
2021-01-14,39187.328125,0.009397000074386597,0.2954379916191101,132.72242736816406,1218.4530029296875
2021-01-15,36825.3671875,0.009368999861180782,0.28040599822998047,124.52399444580078,1171.8345947265625
2021-01-16,36178.140625,0.009265000000596046,0.2801879942417145,125.36519622802734,1233.53759765625
2021-01-17,35791.27734375,0.009066999889910221,0.2773840129375458,123.37920379638672,1230.1722412109375
2021-01-18,36630.07421875,0.009170999750494957,0.2847689986228943,129.238525390625,1257.279541015625
2021-01-19,36069.8046875,0.009097999893128872,0.2943139970302582,125.1343765258789,1377.2958984375
2021-01-20,35547.75,0.009060000069439411,0.2965179979801178,121.20066833496094,1382.2740478515625
2021-01-21,30825.69921875,0.008166000247001648,0.26894599199295044,100.08177185058594,1121.5709228515625
2021-01-22,33005.76171875,0.008523999713361263,0.27279898524284363,105.16366577148438,1236.51220703125
2021-01-23,32067.642578125,0.008578999899327755,0.271820992231369,105.21566009521484,1230.9906005859375
2021-01-24,32289.37890625,0.008727000094950199,0.2735089957714081,106.19976043701172,1391.609375
2021-01-25,32366.392578125,0.008383000269532204,0.269089013338089,105.31409454345703,1324.414794921875
2021-01-26,32569.849609375,0.008255000226199627,0.26882699131965637,104.91120147705078,1357.05810546875
2021-01-27,30432.546875,0.007482000160962343,0.2519429922103882,96.92486572265625,1253.1871337890625
2021-01-28,31649.60546875,0.012555000372231007,0.2572779953479767,101.05567932128906,1298.101806640625
2021-01-29,34316.38671875,0.047162000089883804,0.2821879982948303,104.79981994628906,1382.5228271484375
2021-01-30,34269.5234375,0.028176000341773033,0.44024398922920227,104.87330627441406,1376.115478515625
2021-01-31,33114.359375,0.037195999175310135,0.49231401085853577,102.56926727294922,1314.9862060546875
2021-02-01,33537.17578125,0.03487500175833702,0.37150898575782776,103.65044403076172,1369.04052734375
2021-02-02,35510.2890625,0.03152000159025192,0.369269996881485,109.90973663330078,1515.1937255859375
2021-02-03,37472.08984375,0.03711999952793121,0.3934899866580963,116.57481384277344,1660.9095458984375
2021-02-04,36926.06640625,0.05328899994492531,0.44644901156425476,111.2339096069336,1594.7626953125
2021-02-05,38144.30859375,0.04693499952554703,0.45004698634147644,120.249267578125,1718.65087890625
2021-02-06,39266.01171875,0.05759499967098236,0.43909600377082825,119.07769775390625,1677.8468017578125
2021-02-07,38903.44140625,0.07878199964761734,0.41795799136161804,118.50476837158203,1614.227783203125
2021-02-08,46196.46484375,0.07882499694824219,0.44770199060440063,126.35946655273438,1746.6168212890625
2021-02-09,46481.10546875,0.07006999850273132,0.47199100255966187,136.6925048828125,1768.0350341796875
2021-02-10,44918.18359375,0.07289600372314453,0.503445029258728,139.607666015625,1744.243408203125
2021-02-11,47909.33203125,0.0696759968996048,0.5247870087623596,164.8201904296875,1783.7979736328125
2021-02-12,47504.8515625,0.07006900012493134,0.6085919737815857,169.92604064941406,1843.5325927734375
2021-02-13,47105.515625,0.06644999980926514,0.6289960145950317,266.84490966796875,1814.10986328125
2021-02-14,48717.2890625,0.06253699958324432,0.5941929817199707,231.91690063476562,1805.0841064453125
2021-02-15,47945.05859375,0.05659100040793419,0.5489150285720825,257.7479248046875,1779.791015625
2021-02-16,49199.87109375,0.05352000147104263,0.5208460092544556,248.9886474609375,1781.0675048828125
2021-02-17,52149.0078125,0.049375999718904495,0.5355370044708252,266.26104736328125,1848.458251953125
2021-02-18,51679.796875,0.0595409981906414,0.5324329733848572,282.0085144042969,1937.44921875
2021-02-19,55888.1328125,0.055139001458883286,0.567018985748291,325.2530517578125,1960.164794921875
2021-02-20,56099.51953125,0.05438400059938431,0.5175120234489441,298.6866455078125,1919.5340576171875
2021-02-21,57539.9453125,0.055980000644922256,0.5485600233078003,301.69317626953125,1935.60107421875
2021-02-22,54207.3203125,0.053725000470876694,0.571740984916687,272.0561828613281,1781.992919921875
2021-02-23,48824.42578125,0.04739199951291084,0.47356298565864563,229.6285858154297,1570.2039794921875
2021-02-24,49705.33203125,0.05655499920248985,0.4718320071697235,238.3899383544922,1626.57568359375
2021-02-25,47093.8515625,0.05016700178384781,0.4345239996910095,218.50010681152344,1475.7037353515625
2021-02-26,46339.76171875,0.05048000067472458,0.4278999865055084,206.70166015625,1446.03369140625
2021-02-27,46188.453125,0.05008300021290779,0.4378089904785156,211.6562042236328,1459.97314453125
2021-02-28,45137.76953125,0.04805200174450874,0.41495299339294434,196.2718963623047,1416.0489501953125
2021-03-01,49631.2421875,0.050599001348018646,0.44724398851394653,223.27999877929688,1564.7076416015625
2021-03-02,48378.98828125,0.050262000411748886,0.43683698773384094,216.19158935546875,1492.6087646484375
2021-03-03,50538.2421875,0.050592001527547836,0.45027899742126465,223.57183837890625,1575.8531494140625
2021-03-04,48561.16796875,0.05004800111055374,0.4866049885749817,211.21237182617188,1541.914306640625
2021-03-05,48927.3046875,0.049609001725912094,0.4581190049648285,206.41807556152344,1533.2750244140625
2021-03-06,48912.3828125,0.05098399892449379,0.4651060104370117,208.97938537597656,1654.7415771484375
2021-03-07,51206.69140625,0.052122000604867935,0.46686699986457825,214.23692321777344,1723.15380859375
2021-03-08,52246.5234375,0.061948999762535095,0.47359699010849,218.20669555664062,1834.7279052734375
2021-03-09,54824.1171875,0.05799800157546997,0.48598799109458923,244.65338134765625,1868.048828125
2021-03-10,56008.55078125,0.05600399896502495,0.4631659984588623,234.91635131835938,1799.166259765625
2021-03-11,57805.12109375,0.055918000638484955,0.4529600143432617,235.39495849609375,1826.1949462890625
2021-03-12,57332.08984375,0.05534899979829788,0.44113099575042725,225.5315399169922,1772.1024169921875
2021-03-13,61243.0859375,0.062431998550891876,0.45992401242256165,243.48358154296875,1924.6854248046875
2021-03-14,59302.31640625,0.05859199911355972,0.442111998796463,232.74282836914062,1854.5643310546875
2021-03-15,55907.19921875,0.05708799883723259,0.4375549852848053,221.1944122314453,1791.7022705078125
2021-03-16,56804.90234375,0.05860700085759163,0.4625999927520752,223.32272338867188,1806.9718017578125
2021-03-17,58870.89453125,0.057652998715639114,0.4724169969558716,229.13754272460938,1823.4493408203125
2021-03-18,57858.921875,0.05738300085067749,0.4729189872741699,226.49794006347656,1782.8551025390625
2021-03-19,58346.65234375,0.05832799896597862,0.47117099165916443,226.57208251953125,1817.6241455078125
2021-03-20,58313.64453125,0.05896100029349327,0.5269910097122192,228.11802673339844,1812.6346435546875
2021-03-21,57523.421875,0.05723400041460991,0.5198349952697754,221.1623992919922,1788.217041015625
2021-03-22,54529.14453125,0.054962001740932465,0.5499420166015625,207.9124298095703,1691.333984375
2021-03-23,54738.9453125,0.05355599895119667,0.5565950274467468,207.84616088867188,1678.650146484375
2021-03-24,52774.265625,0.051702000200748444,0.48883700370788574,192.2743377685547,1593.4134521484375
2021-03-25,51704.16015625,0.051447998732328415,0.5174980163574219,189.76625061035156,1595.3592529296875
2021-03-26,55137.3125,0.05395200103521347,0.5670549869537354,203.5928955078125,1702.842041015625
2021-03-27,55973.51171875,0.0543770007789135,0.5504429936408997,201.6759033203125,1716.49462890625
2021-03-28,55950.74609375,0.05369799956679344,0.5507559776306152,207.04820251464844,1691.35595703125
2021-03-29,57750.19921875,0.054051999002695084,0.5678709745407104,214.62571716308594,1819.6849365234375
2021-03-30,58917.69140625,0.05389999970793724,0.5668590068817139,216.64932250976562,1846.03369140625
2021-03-31,58918.83203125,0.05365699902176857,0.573868989944458,222.53558349609375,1918.362060546875
2021-04-01,59095.80859375,0.06198599934577942,0.5792919993400574,234.1024932861328,1977.27685546875
2021-04-02,59384.3125,0.05766399949789047,0.6165689826011658,245.21214294433594,2143.2255859375
2021-04-03,57603.890625,0.05580399930477142,0.5909150242805481,224.99575805664062,2028.4224853515625
2021-04-04,58758.5546875,0.05740400031208992,0.6467289924621582,272.31475830078125,2093.122802734375
2021-04-05,59057.87890625,0.059696000069379807,0.9204729795455933,273.76861572265625,2107.88720703125
2021-04-06,58192.359375,0.06445799767971039,1.0962660312652588,276.6620788574219,2118.37890625
2021-04-07,56048.9375,0.05902799963951111,0.917576014995575,253.8490447998047,1971.0772705078125
2021-04-08,58323.953125,0.06146400049328804,1.0527559518814087,267.1763610839844,2088.57373046875
2021-04-09,58245.00390625,0.06168400123715401,1.0208369493484497,264.9345397949219,2072.10888671875
2021-04-10,59793.234375,0.06384500116109848,1.3744159936904907,282.8511962890625,2135.942138671875
2021-04-11,60204.96484375,0.07464899867773056,1.3605300188064575,287.8891906738281,2157.656982421875
2021-04-12,59893.453125,0.07076700031757355,1.4677350521087646,280.6748046875,2139.353271484375
2021-04-13,63503.45703125,0.09344500303268433,1.7940009832382202,293.0616760253906,2299.187744140625
2021-04-14,63109.6953125,0.12151700258255005,1.8392360210418701,305.8320617675781,2435.10498046875
2021-04-15,63314.01171875,0.18220700323581696,1.7660670280456543,327.7560119628906,2519.1162109375
2021-04-16,61572.7890625,0.36586999893188477,1.55752694606781,381.2538757324219,2431.946533203125
2021-04-17,60683.8203125,0.28417301177978516,1.5600550174713135,360.3804016113281,2344.89501953125
2021-04-18,56216.18359375,0.3204750120639801,1.4059979915618896,315.9982604980469,2237.136962890625
2021-04-19,55724.265625,0.40731799602508545,1.3150440454483032,294.12933349609375,2166.188720703125
2021-04-20,56473.03125,0.31949999928474426,1.3832989931106567,317.69293212890625,2330.2109375
2021-04-21,53906.08984375,0.3069249987602234,1.2964979410171509,295.8661193847656,2364.751708984375
2021-04-22,51762.2734375,0.2609669864177704,1.159682035446167,276.8070373535156,2403.53515625
2021-04-23,51093.65234375,0.2485090047121048,1.169659972190857,262.6677551269531,2363.586181640625
2021-04-24,50050.8671875,0.27021199464797974,1.0487060546875,246.5718231201172,2211.625732421875
2021-04-25,49004.25390625,0.2511110007762909,1.032256007194519,246.45765686035156,2316.0595703125
2021-04-26,54021.75390625,0.2706739902496338,1.3685059547424316,278.7384338378906,2534.481689453125
2021-04-27,55033.1171875,0.2721880078315735,1.4009549617767334,292.6408996582031,2662.865234375
2021-04-28,54824.703125,0.3236820101737976,1.3586009740829468,288.9514465332031,2746.380126953125
2021-04-29,53555.109375,0.3051689863204956,1.399359941482544,286.6329345703125,2756.876953125
2021-04-30,57750.17578125,0.3375610113143921,1.5916739702224731,319.1708679199219,2773.20703125
2021-05-01,57828.05078125,0.3929870128631592,1.6510250568389893,322.0465087890625,2945.892822265625
2021-05-02,56631.078125,0.37604600191116333,1.5626410245895386,315.03631591796875,2952.05615234375
2021-05-03,57200.29296875,0.44170698523521423,1.555994987487793,342.0164489746094,3431.086181640625
2021-05-04,53333.5390625,0.5413339734077454,1.3923759460449219,361.7254638671875,3253.62939453125
2021-05-05,57424.0078125,0.6576330065727234,1.6145119667053223,395.6672058105469,3522.783203125
2021-05-06,56396.515625,0.5808039903640747,1.6005810499191284,440.8867492675781,3490.88037109375
2021-05-07,57356.40234375,0.684777021408081,1.5817550420761108,405.4638671875,3484.72900390625
2021-05-08,58803.77734375,0.6364390254020691,1.5625979900360107,409.18914794921875,3902.647705078125
2021-05-09,58232.31640625,0.5700700283050537,1.5352929830551147,405.00042724609375,3928.8447265625
2021-05-10,55859.796875,0.4499639868736267,1.3890060186386108,371.0570983886719,3952.2939453125
2021-05-11,56704.57421875,0.4952310025691986,1.4776819944381714,426.6883239746094,4168.701171875
2021-05-12,49150.53515625,0.3853760063648224,1.247864007949829,354.1837158203125,3785.8486328125
2021-05-13,49716.19140625,0.49037399888038635,1.3589099645614624,357.28485107421875,3715.1484375
2021-05-14,49880.53515625,0.5596039891242981,1.4029170274734497,371.0878601074219,4079.057373046875
2021-05-15,46760.1875,0.507972002029419,1.4858800172805786,336.1266784667969,3638.1220703125
2021-05-16,46456.05859375,0.5148950219154358,1.452605962753296,331.5959167480469,3587.506103515625
2021-05-17,43537.51171875,0.4878920018672943,1.4962999820709229,294.48626708984375,3282.397705078125
2021-05-18,42909.40234375,0.47611498832702637,1.5907340049743652,304.90106201171875,3380.070068359375
2021-05-19,37002.44140625,0.33312299847602844,1.0703129768371582,191.43124389648438,2460.67919921875
2021-05-20,40782.73828125,0.400193989276886,1.1855369806289673,228.412841796875,2784.294189453125
2021-05-21,37304.69140625,0.3593820035457611,1.0069760084152222,188.72918701171875,2430.621337890625
2021-05-22,37536.6328125,0.34237098693847656,0.9063169956207275,178.26036071777344,2295.70556640625
2021-05-23,34770.58203125,0.30807098746299744,0.7970150113105774,151.4751434326172,2109.579833984375
2021-05-24,38705.98046875,0.3661620020866394,0.9928349852561951,199.95257568359375,2643.591064453125
2021-05-25,38402.22265625,0.34630200266838074,0.976186990737915,195.23516845703125,2706.62890625
2021-05-26,39294.19921875,0.35369300842285156,1.0337250232696533,214.2022705078125,2888.69873046875
2021-05-27,38436.96875,0.33294498920440674,0.9702349901199341,203.32568359375,2736.488525390625
2021-05-28,35697.60546875,0.3112049996852875,0.9001479744911194,183.1865234375,2419.90625
2021-05-29,34616.06640625,0.3031100034713745,0.8317880034446716,176.79043579101562,2279.51416015625
2021-05-30,35678.12890625,0.3022240102291107,0.9066089987754822,182.0885467529297,2390.305419921875
2021-05-31,37332.85546875,0.3258099853992462,1.0465840101242065,197.80145263671875,2714.9453125
2021-06-01,36684.92578125,0.3700770139694214,1.0110009908676147,191.51205444335938,2633.518310546875
2021-06-02,37575.1796875,0.4233739972114563,1.024399995803833,202.5358123779297,2706.125
2021-06-03,39208.765625,0.39996299147605896,1.045320987701416,209.7586212158203,2855.12646484375
2021-06-04,36894.40625,0.37632301449775696,0.970196008682251,191.68955993652344,2688.195068359375
2021-06-05,35551.95703125,0.37217700481414795,0.9232860207557678,185.27235412597656,2630.576904296875
2021-06-06,35862.37890625,0.3718070089817047,0.945285975933075,185.7380828857422,2715.0927734375
2021-06-07,33560.70703125,0.33105000853538513,0.8611549735069275,171.60997009277344,2590.26318359375
2021-06-08,33472.6328125,0.32768699526786804,0.8757879734039307,166.78379821777344,2517.438720703125
2021-06-09,37345.12109375,0.3433310091495514,0.9200339913368225,176.42684936523438,2608.26708984375
2021-06-10,36702.59765625,0.32635098695755005,0.8691819906234741,169.81427001953125,2471.5185546875
2021-06-11,37334.3984375,0.3193590044975281,0.8484500050544739,165.6772003173828,2353.768798828125
2021-06-12,35552.515625,0.31208398938179016,0.8326830267906189,163.69642639160156,2372.484375
2021-06-13,39097.859375,0.3243820071220398,0.8831599950790405,172.7238311767578,2508.3916015625
2021-06-14,40218.4765625,0.3320850133895874,0.8928970098495483,173.92776489257812,2537.89111328125
2021-06-15,40406.26953125,0.3283810019493103,0.8898000121116638,175.8301239013672,2610.936767578125
2021-06-16,38347.0625,0.307761013507843,0.8319079875946045,164.1434326171875,2367.66357421875
2021-06-17,38053.50390625,0.3064959943294525,0.8414379954338074,163.80184936523438,2372.001953125
2021-06-18,35787.24609375,0.2934719920158386,0.797648012638092,154.95700073242188,2231.733154296875
2021-06-19,35615.87109375,0.2873559892177582,0.7616729736328125,152.0312957763672,2178.4990234375
2021-06-20,35698.296875,0.2809000015258789,0.7763770222663879,153.69898986816406,2246.364501953125
2021-06-21,31676.693359375,0.17869099974632263,0.6103879809379578,123.29505920410156,1888.447509765625
2021-06-22,32505.66015625,0.19103099405765533,0.5450670123100281,119.16285705566406,1874.9500732421875
2021-06-23,33723.02734375,0.23217399418354034,0.6265349984169006,126.29235076904297,1989.736328125
2021-06-24,34662.4375,0.2627820074558258,0.671999990940094,131.04478454589844,1988.456298828125
2021-06-25,31637.779296875,0.23915299773216248,0.6133229732513428,120.75800323486328,1813.21728515625
2021-06-26,32186.27734375,0.24478399753570557,0.615435004234314,124.37985229492188,1829.2392578125
2021-06-27,34649.64453125,0.2644500136375427,0.6469230055809021,127.00121307373047,1978.8946533203125
2021-06-28,34434.3359375,0.2568570077419281,0.643746018409729,131.78509521484375,2079.657470703125
2021-06-29,35867.77734375,0.26276901364326477,0.7017250061035156,139.9272003173828,2160.768310546875
2021-06-30,35040.8359375,0.2542150020599365,0.7063739895820618,145.2664794921875,2274.547607421875
2021-07-01,33572.1171875,0.2445490062236786,0.6611800193786621,138.60922241210938,2113.60546875
2021-07-02,33897.046875,0.2452639937400818,0.6567630171775818,135.52635192871094,2150.040283203125
2021-07-03,34668.546875,0.24641099572181702,0.6728879809379578,138.6572723388672,2226.1142578125
2021-07-04,35287.78125,0.2464829981327057,0.6949449777603149,140.2721710205078,2321.72412109375
2021-07-05,33746.00390625,0.23161399364471436,0.6542999744415283,132.82015991210938,2198.58251953125
2021-07-06,34235.1953125,0.2344219982624054,0.6654019951820374,134.8974609375,2324.679443359375
2021-07-07,33855.328125,0.22412599623203278,0.6515750288963318,134.56687927246094,2315.161865234375
2021-07-08,32877.37109375,0.20759700238704681,0.623058021068573,126.60302734375,2120.0263671875
2021-07-09,33798.01171875,0.21986399590969086,0.6368039846420288,128.4962615966797,2146.6923828125
2021-07-10,33520.51953125,0.213919997215271,0.6254630088806152,128.33372497558594,2111.403564453125
2021-07-11,34240.1875,0.21585600078105927,0.6359350085258484,128.36778259277344,2139.664794921875
2021-07-12,33155.84765625,0.2080480009317398,0.6301779747009277,126.99866485595703,2036.7210693359375
2021-07-13,32702.025390625,0.2000029981136322,0.6195229887962341,123.80884552001953,1940.083984375
2021-07-14,32822.34765625,0.1973239928483963,0.6203240156173706,123.22850036621094,1994.331298828125
2021-07-15,31780.73046875,0.18488800525665283,0.5969409942626953,121.90779113769531,1911.1756591796875
2021-07-16,31421.5390625,0.17234499752521515,0.5907739996910095,115.11602020263672,1880.3829345703125
2021-07-17,31533.068359375,0.1861249953508377,0.582427978515625,116.07040405273438,1898.8251953125
2021-07-18,31796.810546875,0.18223300576210022,0.5879219770431519,116.13452911376953,1895.5521240234375
2021-07-19,30817.83203125,0.17355599999427795,0.5575559735298157,137.5277099609375,1817.296630859375
2021-07-20,29807.34765625,0.17080099880695343,0.5293359756469727,125.65970611572266,1787.5107421875
2021-07-21,32110.693359375,0.19034899771213531,0.569998025894165,138.45127868652344,1990.9708251953125
2021-07-22,32313.10546875,0.19130299985408783,0.5922060012817383,142.1764678955078,2025.2027587890625
2021-07-23,33581.55078125,0.19476400315761566,0.6092240214347839,142.8134765625,2124.776611328125
2021-07-24,34292.4453125,0.19731900095939636,0.6098269820213318,141.20733642578125,2189.21875
2021-07-25,35350.1875,0.19786399602890015,0.6063569784164429,139.80911254882812,2191.373779296875
2021-07-26,37337.53515625,0.20441900193691254,0.6256179809570312,142.5493927001953,2233.36669921875
2021-07-27,39406.94140625,0.20589900016784668,0.6446040272712708,146.0492706298828,2298.33349609375
2021-07-28,39995.90625,0.2053920030593872,0.7254449725151062,152.51478576660156,2296.54541015625
2021-07-29,40008.421875,0.20461900532245636,0.7480170130729675,164.96051025390625,2380.956787109375
2021-07-30,42235.546875,0.20882099866867065,0.7521190047264099,165.60057067871094,2466.96142578125
2021-07-31,41626.1953125,0.20831400156021118,0.7477859854698181,164.20956420898438,2536.2099609375
2021-08-01,39974.89453125,0.2044370025396347,0.7259219884872437,160.5591278076172,2561.85205078125
2021-08-02,39201.9453125,0.20360000431537628,0.7392200231552124,161.9168243408203,2610.1533203125
2021-08-03,38152.98046875,0.19596700370311737,0.7127289772033691,156.14639282226562,2502.349609375
2021-08-04,39747.50390625,0.20148999989032745,0.7304880023002625,161.3732147216797,2724.619873046875
2021-08-05,40869.5546875,0.2009740024805069,0.7331510186195374,164.4180145263672,2827.328857421875
2021-08-06,42816.5,0.20468799769878387,0.7465130090713501,166.79278564453125,2890.941650390625
2021-08-07,44555.80078125,0.26034098863601685,0.8162810206413269,170.35598754882812,3157.23876953125
2021-08-08,43798.1171875,0.2400449961423874,0.7787389755249023,161.66107177734375,3013.732666015625
2021-08-09,46365.40234375,0.2568970024585724,0.8185529708862305,179.44493103027344,3167.856201171875
2021-08-10,45585.03125,0.2573249936103821,0.8512470126152039,175.8022003173828,3141.691162109375
2021-08-11,45593.63671875,0.26526299118995667,1.0125240087509155,181.9827423095703,3164.2451171875
2021-08-12,44428.2890625,0.26392099261283875,0.9645490050315857,179.90499877929688,3043.414306640625
2021-08-13,47793.3203125,0.2868080139160156,1.089959979057312,202.01028442382812,3322.211669921875
2021-08-14,47096.9453125,0.29311299324035645,1.280411958694458,199.10130310058594,3265.443359375
2021-08-15,47047.00390625,0.34144100546836853,1.288159966468811,215.16952514648438,3310.504150390625
2021-08-16,46004.484375,0.3207150101661682,1.1909929513931274,202.09327697753906,3156.509521484375
2021-08-17,44695.359375,0.29944199323654175,1.0981990098953247,194.60391235351562,3014.845947265625
2021-08-18,44801.1875,0.3037390112876892,1.14609694480896,210.22152709960938,3020.08984375
2021-08-19,46717.578125,0.3171440064907074,1.232841968536377,220.021484375,3182.7021484375
2021-08-20,49339.17578125,0.32749098539352417,1.2632219791412354,232.82537841796875,3286.935302734375
2021-08-21,48905.4921875,0.3167969882488251,1.2164729833602905,237.39930725097656,3226.083984375
2021-08-22,49321.65234375,0.3149630129337311,1.2277220487594604,255.0361785888672,3242.115478515625
2021-08-23,49546.1484375,0.3179140090942383,1.2472699880599976,270.222900390625,3319.25732421875
2021-08-24,47706.1171875,0.28873899579048157,1.1373519897460938,248.4403839111328,3172.456298828125
2021-08-25,48960.7890625,0.29222598671913147,1.1725289821624756,264.0304870605469,3224.915283203125
2021-08-26,46942.21875,0.2689090073108673,1.0752660036087036,232.4397735595703,3100.325439453125
2021-08-27,49058.66796875,0.29443299770355225,1.1884729862213135,242.22357177734375,3270.600830078125
2021-08-28,48902.40234375,0.285629004240036,1.1455049514770508,236.49534606933594,3244.4033203125
2021-08-29,48829.83203125,0.281125009059906,1.1408319473266602,225.57115173339844,3227.002685546875
2021-08-30,47054.984375,0.2721250057220459,1.1014349460601807,216.5446319580078,3224.374267578125
2021-08-31,47166.6875,0.27845299243927,1.1875929832458496,223.8780517578125,3433.732666015625
2021-09-01,48847.02734375,0.29440099000930786,1.234889030456543,238.95977783203125,3834.828125
2021-09-02,49327.72265625,0.29595500230789185,1.256324052810669,239.124755859375,3790.989990234375
2021-09-03,50025.375,0.29627299308776855,1.2914350032806396,247.52658081054688,3940.61474609375
2021-09-04,49944.625,0.29938799142837524,1.2557790279388428,251.7869415283203,3887.828369140625
2021-09-05,51753.41015625,0.3145270049571991,1.3054980039596558,263.6717224121094,3952.133544921875
2021-09-06,52633.53515625,0.3087649941444397,1.3894129991531372,255.46983337402344,3928.37939453125
2021-09-07,46811.12890625,0.2537440061569214,1.1250989437103271,206.56008911132812,3426.394287109375
2021-09-08,46091.390625,0.2571130096912384,1.1007200479507446,201.6989288330078,3497.315185546875
2021-09-09,46391.421875,0.252595990896225,1.0894010066986084,202.4326629638672,3427.340087890625
2021-09-10,44883.91015625,0.2399819940328598,1.0572669506072998,193.1383819580078,3211.505859375
2021-09-11,45201.45703125,0.24143199622631073,1.0799059867858887,194.04750061035156,3270.278076171875
2021-09-12,46063.26953125,0.25061699748039246,1.119636058807373,203.87416076660156,3410.134521484375
2021-09-13,44963.07421875,0.23590600490570068,1.0646779537200928,196.51748657226562,3285.51171875
2021-09-14,47092.4921875,0.24070900678634644,1.0965739488601685,205.4199981689453,3429.169677734375
2021-09-15,48176.34765625,0.24769699573516846,1.121353030204773,208.8966522216797,3615.28271484375
2021-09-16,47783.359375,0.24255500733852386,1.0914980173110962,208.36817932128906,3571.294921875
2021-09-17,47267.51953125,0.23993000388145447,1.0655980110168457,198.48216247558594,3398.538818359375
2021-09-18,48278.36328125,0.24138599634170532,1.0756679773330688,199.40603637695312,3432.018310546875
2021-09-19,47260.21875,0.23314200341701508,1.0484280586242676,192.93634033203125,3329.447998046875
2021-09-20,42843.80078125,0.20707100629806519,0.9171519875526428,168.96347045898438,2958.993408203125
2021-09-21,40693.67578125,0.2010270059108734,0.8763290047645569,157.12278747558594,2764.43115234375
